Brand,Fuel,KMs Driven,Model,Registered City,Year,Price
Toyota,Diesel,1,Prado,Karachi,1997,2100000
Suzuki,Petrol,100000,Bolan,Karachi,2006,380000
Suzuki,CNG,12345,Bolan,Karachi,1998,340000
Suzuki,Petrol,94000,Alto,Karachi,2010,535000
Toyota,Petrol,100000,Corolla XLI,Karachi,2013,1430000
Toyota,Petrol,80000,Corrolla Altis,Karachi,2012,1620000
Suzuki,CNG,65000,Cultus VXL,Karachi,2006,450000
Toyota,Petrol,10241,Corrolla Altis,Karachi,2017,2900000
Suzuki,CNG,83000,Alto,Karachi,2009,490000
Honda,Petrol,1,Civic VTi,Karachi,1997,480000
Suzuki,CNG,123,Khyber,Karachi,1994,230000
Suzuki,CNG,73000,Liana,Karachi,2006,535000
Toyota,Petrol,78000,Passo,Karachi,2006,770000
Honda,Petrol,1,Civic Prosmetic,Karachi,1997,490000
Honda,CNG,170000,Civic EXi,Karachi,1984,160000
Suzuki,Petrol,200000,Alto,Karachi,2005,425000
Daihatsu,Petrol,100000,Charade,Karachi,1988,180000
Mitsubishi,Petrol,82000,Pajero Mini,Karachi,1995,520000
Suzuki,CNG,10000,Margalla,Karachi,1990,400000
Honda,Petrol,69500,City IVTEC,Karachi,2014,1400000
Suzuki,CNG,10000,Khyber,Karachi,1989,175000
KIA,CNG,123456,Classic,Karachi,2001,120000
Honda,CNG,87611,Civic EXi,Karachi,2000,590000
Honda,Hybrid,19000,Other,Karachi,1995,425000
Honda,CNG,99000,Civic EXi,Karachi,2005,685000
Suzuki,CNG,88000,Alto,Karachi,2007,465000
Toyota,Petrol,75000,Corolla GLI,Karachi,2010,1190000
Other Brands,Petrol,124000,Other,Karachi,2010,850000
Suzuki,CNG,76000,Cultus VXR,Karachi,2002,370000
Nissan,Petrol,47000,Dayz Highway Star,Karachi,2013,1175000
Toyota,Petrol,43000,Corolla XLI,Karachi,2015,1675000
Suzuki,CNG,3875,Mehran VX,Karachi,1999,195000
Suzuki,CNG,98000,Mehran VX,Karachi,1991,165000
Suzuki,Petrol,1000,Alto,Karachi,2006,420000
Toyota,Petrol,39000,Vitz,Karachi,2014,1430000
Suzuki,CNG,127000,Mehran VXR,Karachi,1991,150000
Suzuki,LPG,786,Carry,Karachi,1982,130000
Suzuki,CNG,70,Cultus VXR,Karachi,2004,415000
Suzuki,CNG,99999,Mehran VX,Karachi,1997,185000
Toyota,Petrol,89000,Passo,Karachi,2010,1040000
Suzuki,CNG,1,Cultus VX,Karachi,2002,400000
Suzuki,Petrol,100000,Cultus VXR,Karachi,2001,360000
Toyota,Petrol,69000,Vitz,Karachi,2003,1150000
Suzuki,CNG,65000,Mehran VX,Karachi,2005,265000
Suzuki,CNG,73000,Mehran VXR,Karachi,2009,435000
Toyota,Petrol,163000,Corolla GLI,Karachi,2009,1220000
Suzuki,CNG,56,Cultus VXR,Karachi,2011,780000
Suzuki,CNG,10000,Bolan,Karachi,1987,250000
Toyota,Petrol,190,Corrolla Altis,Karachi,2004,875000
Toyota,CNG,65000,Corolla XLI,Karachi,2013,1260000
Suzuki,Petrol,65000,Cultus VXR,Karachi,2013,840000
Suzuki,CNG,174000,Alto,Karachi,2004,350000
Suzuki,Petrol,5458,Baleno,Karachi,2001,380000
Suzuki,Petrol,90000,Alto,Karachi,2007,340000
Daihatsu,Petrol,88000,Mira,Karachi,2013,1050000
Toyota,CNG,200000,Vitz,Karachi,2006,730000
Suzuki,CNG,28800,Mehran VXR,Karachi,1995,195000
Honda,Petrol,95000,Civic VTi Oriel Prosmatec,Karachi,2007,1070000
Daihatsu,CNG,71000,Cuore,Karachi,2001,410000
Daihatsu,CNG,100,Charade,Karachi,1984,155000
Suzuki,CNG,1,Margalla,Karachi,1994,320000
Toyota,Diesel,134000,Corolla 2.0 D,Karachi,2010,1080000
Suzuki,CNG,1,Bolan,Karachi,1993,290000
Toyota,Petrol,123456,Corolla XE,Karachi,1998,570000
Toyota,Petrol,92000,Surf,Karachi,2007,4150000
Suzuki,CNG,1,FX,Karachi,1988,90000
Suzuki,Petrol,36000,Mehran VXR,Karachi,2015,590000
Toyota,Petrol,40000,Corolla GLI,Karachi,2015,1740000
Toyota,Petrol,85010,Corolla GLI,Karachi,2004,916000
Daihatsu,Petrol,153736,Cuore,Karachi,2006,535000
Suzuki,CNG,17000,Mehran VX,Hyderabad,1991,110000
Honda,Petrol,100000,City IDSI,Karachi,2004,765000
Toyota,Petrol,130000,Premio,Karachi,2003,1150000
Suzuki,Petrol,150000,Alto,Karachi,2007,410000
Suzuki,CNG,17000,Mehran VX,Hyderabad,1991,110000
Honda,Petrol,100000,City IDSI,Karachi,2004,765000
Toyota,Petrol,130000,Premio,Karachi,2003,1150000
Suzuki,Petrol,150000,Alto,Karachi,2007,410000
Toyota,Petrol,55000,Corolla GLI,Karachi,2016,1890000
Suzuki,Petrol,70000,Cultus VXR,Karachi,2011,790000
Daihatsu,Petrol,102000,Mira,Karachi,2011,785000
Suzuki,Petrol,1700000,Mehran VX,Karachi,2006,270000
Toyota,CNG,100000,Sprinter,Karachi,1987,150000
BMW,CNG,53524,3 Series,Karachi,1997,550000
Mazda,Petrol,78000,Other,Karachi,2007,825000
Toyota,Diesel,40000,Hilux,Karachi,2013,3850000
Suzuki,Petrol,90000,Mehran VXR,Karachi,2012,490000
Toyota,Petrol,40000,Vitz,Karachi,2010,1250000
Daihatsu,Petrol,80000,Charade,Karachi,1986,135000
Mitsubishi,Petrol,96000,Lancer,Karachi,2008,780000
Other Brands,Diesel,38000,Other,Karachi,2012,4500000
Suzuki,Petrol,83000,Alto,Karachi,2006,430000
Honda,Petrol,10900,Civic VTi Oriel Prosmatec,Karachi,2017,2880000
Toyota,Petrol,64600,Passo,Karachi,2007,975000
Suzuki,Petrol,80000,Cultus VXR,Karachi,2004,440000
Suzuki,CNG,85000,Cultus VXR,Karachi,2007,440000
Suzuki,CNG,52000,Mehran VXR,Karachi,2008,400000
Suzuki,CNG,1,Bolan,Karachi,1997,305000
Suzuki,Petrol,48000,Mehran VX,Karachi,2012,450000
Suzuki,Petrol,50000,Swift,Karachi,2015,1140000
Suzuki,Petrol,13300,Mehran VX,Karachi,2017,680000
Suzuki,CNG,25000,Alto,Karachi,2004,335000
Toyota,Petrol,74000,Estima,Karachi,2010,3350000
Suzuki,Petrol,65000,Mehran VXR,Karachi,2011,405000
Toyota,Petrol,1991,Prado,Karachi,1991,1150000
Suzuki,Petrol,4200,Alto,Karachi,2006,450000
Suzuki,Petrol,25000,Cultus VXR,Karachi,2014,865000
Suzuki,Petrol,52000,Mehran VXR,Karachi,2008,400000
Toyota,Petrol,60000,Passo,Karachi,2010,1090000
Suzuki,CNG,125463,Mehran VXR,Karachi,2009,300000
Suzuki,CNG,76000,Cultus VXR,Karachi,2000,440000
Honda,Petrol,132000,Civic VTi,Karachi,2000,750000
Honda,Petrol,17500,Vamos,Karachi,2011,820000
Toyota,CNG,186000,Starlet,Karachi,1986,250000
Daihatsu,CNG,62000,Cuore,Karachi,2005,425000
Suzuki,Hybrid,62000,Mehran VXR,Karachi,2010,373000
Toyota,Hybrid,88000,Prius,Karachi,2013,2500000
Chevrolet,Petrol,100000,Joy,Karachi,2006,320000
Toyota,Petrol,250000,Vitz,Karachi,2000,765000
Toyota,Diesel,62,Hilux,Karachi,2018,5350000
Daihatsu,CNG,100000,Charade,Karachi,1986,200000
Honda,Petrol,85575,City IVTEC,Karachi,2010,1160000
Toyota,Petrol,100000,Passo,Karachi,2007,9000000
Mazda,CNG,10000,323,Karachi,1981,55000
Toyota,Petrol,77000,Corrolla Altis,Karachi,2010,1110000
Suzuki,CNG,89000,Alto,Karachi,2011,570000
Toyota,Hybrid,83000,Prius,Karachi,2015,2830000
Suzuki,CNG,65000,Cultus VXR,Karachi,2011,740000
Suzuki,Petrol,1,Alto,Karachi,2009,320000
Suzuki,Petrol,138000,Liana,Karachi,2007,560000
Suzuki,Petrol,111000,Cultus VXR,Karachi,2011,750000
Suzuki,CNG,60000,Cultus VXL,Karachi,2009,690000
Honda,Petrol,60000,City IVTEC,Karachi,2009,1095000
Toyota,Petrol,80000,Corolla GLI,Karachi,2011,1400000
Suzuki,CNG,100,Mehran VX,Karachi,1991,145000
Honda,Petrol,59000,Civic Prosmetic,Karachi,2014,1710000
Toyota,CNG,8000000,Corolla XLI,Karachi,2007,900000
Toyota,Petrol,11750,Corrolla Altis,Karachi,2016,2175000
Toyota,CNG,13700,Other,Karachi,1978,105000
Honda,Petrol,12345,Other,Karachi,2007,485000
Honda,Petrol,70000,Civic VTi Oriel Prosmatec,Bagh,2009,1350000
Daihatsu,Petrol,67000,Mira,Karachi,2014,1100000
Suzuki,Petrol,1,Khyber,Karachi,1999,260000
Honda,Petrol,80000,City IVTEC,Karachi,2010,1080000
Daewoo,Petrol,100042,Racer,Karachi,1994,210000
Suzuki,CNG,100000,Mehran VX,Karachi,1989,170000
Toyota,Petrol,70000,Corolla GLI,Karachi,2010,1250000
Toyota,Petrol,118000,Corrolla Altis,Karachi,2011,1320000
Honda,Petrol,132000,Civic Prosmetic,Karachi,2007,1000000
Suzuki,Petrol,1,Other,Karachi,2008,1150000
Honda,CNG,100000,City IDSI,Karachi,2006,785000
Nissan,CNG,6000000,Sunny,Karachi,1991,220000
Suzuki,Petrol,1,Alto,Karachi,2007,450000
Honda,CNG,200000,Accord,Karachi,1986,290000
Suzuki,CNG,70000,Cultus VXR,Karachi,2011,825000
Toyota,Hybrid,83000,Prius,Karachi,2015,2830000
Suzuki,CNG,138000,Alto,Sukkar,2010,430000
Honda,Petrol,54000,Zest,Karachi,2011,950000
Nissan,Petrol,100000,AD Van,Karachi,2007,930000
Suzuki,Petrol,26000,APV,Karachi,2014,1275000
Honda,Petrol,80000,Civic Prosmetic,Karachi,2003,760000
Toyota,Petrol,160000,Vitz,Karachi,2012,980000
Toyota,Petrol,100000,Passo,Karachi,2007,855000
Suzuki,CNG,786110,Khyber,Karachi,1996,210000
Suzuki,CNG,80000,Cultus VXR,Karachi,2009,600000
Suzuki,CNG,25,FX,Karachi,1986,68000
Suzuki,CNG,20000,Cultus VXR,Karachi,2006,520000
Nissan,Petrol,103400,March,Karachi,2008,500000
Honda,Petrol,17000,Civic EXi,Karachi,2004,700000
Suzuki,CNG,82000,Cultus VXL,Karachi,2006,580000
Daihatsu,Petrol,91000,Cuore,Karachi,2000,350000
Suzuki,CNG,100000,Khyber,Karachi,1996,225000
Toyota,Petrol,45000,Corolla XLI,Karachi,2014,1625000
Suzuki,Petrol,86580,Bolan,Karachi,2007,500000
Suzuki,Hybrid,100000,Khyber,Karachi,1991,260000
KIA,CNG,17,Pride,Karachi,1996,118000
Suzuki,Petrol,67000,Alto,Karachi,2008,535000
Suzuki,CNG,13,Bolan,Karachi,1986,168000
Honda,Petrol,200000,City IDSI,Karachi,2005,650000
KIA,CNG,1,Sportage,Karachi,2000,220000
Toyota,CNG,170000,Other,Karachi,1988,320000
Honda,Petrol,1234,Civic EXi,Karachi,1985,95000
Daihatsu,CNG,78000,Terios Kid,Karachi,2000,700000
Daihatsu,Petrol,186000,Cuore,Karachi,2010,585000
Toyota,Petrol,99600,Corolla GLI,Karachi,2012,1525000
Hyundai,CNG,88000,Santro,Karachi,2006,440000
Suzuki,LPG,12345,Carry,Karachi,1981,150000
Honda,Hybrid,69000,Fit,Karachi,2013,1730000
Toyota,Hybrid,120000,Prius,Karachi,2014,2000000
Honda,CNG,1254,Civic EXi,Karachi,2001,545000
Suzuki,CNG,100000,Alto,Karachi,2005,425000
Suzuki,CNG,11111,Khyber,Karachi,1998,170000
Suzuki,Petrol,70000,Cultus VXR,Karachi,2012,830000
Suzuki,CNG,12,Mehran VX,Karachi,1994,155000
Suzuki,CNG,123,Mehran VX,Karachi,1992,120000
Suzuki,CNG,53000,Khyber,Karachi,1992,130000
Suzuki,CNG,1,Mehran VXR,Karachi,1992,190000
Suzuki,CNG,60000,Khyber,Karachi,1997,230000
Daihatsu,CNG,124,Cuore,Karachi,2002,293000
Daihatsu,Petrol,49000,Mira,Karachi,2013,1100000
Suzuki,Petrol,1,Margalla,Karachi,1993,300000
Suzuki,Petrol,50000,FX,Karachi,1984,55000
Toyota,CNG,10000,Corolla GLI,Karachi,1999,685000
FAW,Petrol,16900,V2,Karachi,2016,975000
Daewoo,CNG,100000,Racer,Karachi,1994,225000
Suzuki,CNG,50000,Mehran VX,Karachi,2012,370000
Suzuki,Petrol,35955,Alto,Karachi,2008,510000
Honda,Petrol,131389,City Aspire,Karachi,2006,930000
Toyota,Petrol,1,Corolla XLI,Karachi,1980,250000
Suzuki,Hybrid,786,Mehran VX,Karachi,2006,310000
Suzuki,Petrol,116500,Alto,Karachi,2006,425000
Suzuki,CNG,34000,Alto,Karachi,2011,750000
Suzuki,Petrol,1,Cultus VXL,Bahawalnagar,2008,580000
Honda,CNG,1160000,Civic VTi Oriel,Karachi,2001,600000
Suzuki,CNG,112000,Cultus VXL,Karachi,2018,560000
Toyota,Petrol,72000,Vitz,Karachi,2012,1275000
Daihatsu,CNG,200000,Charade,Karachi,1983,130000
Hyundai,CNG,80000,Santro,Karachi,2006,365000
Toyota,Petrol,30000,Corolla GLI,Karachi,2012,300000
Suzuki,CNG,10,Cultus VXL,Karachi,2005,540000
Honda,Petrol,25000,BR-V,Karachi,2013,500000
Hyundai,Petrol,10010,Santro,Karachi,2005,330000
Suzuki,CNG,110000,Cultus VXR,Karachi,2000,510000
Nissan,Petrol,30000,Dayz Highway Star,Karachi,2016,1450000
Suzuki,Petrol,82000,Kei,Karachi,2015,995000
Toyota,Petrol,97000,Probox,Karachi,2007,1100000
Daihatsu,CNG,100000,Charade,Karachi,1991,130000
Daihatsu,Petrol,127111,Hijet,Karachi,2012,785000
Toyota,CNG,786786,86,Karachi,1986,195000
Suzuki,CNG,55000,Alto,Karachi,2012,300000
Suzuki,CNG,99000,Mehran VX,Karachi,2007,315000
Daihatsu,Petrol,75000,Hijet,Karachi,2010,690000
Suzuki,CNG,1,Mehran VX,Karachi,1991,165000
Honda,Petrol,100000,Civic VTi Oriel Prosmatec,Karachi,2013,1750000
Suzuki,CNG,500000,Bolan,Karachi,2007,490000
Suzuki,CNG,1,Khyber,Karachi,1999,265000
Daihatsu,Petrol,1,Cuore,Karachi,2006,550000
Daihatsu,Petrol,20000,Mira,Karachi,2015,1260000
Honda,Petrol,82500,Civic VTi Oriel Prosmatec,Karachi,2007,1079000
Suzuki,CNG,140000,Cultus VXR,Karachi,2006,530000
Suzuki,CNG,200000,FX,Karachi,1983,90000
Daihatsu,CNG,1525555,Charade,Karachi,1984,150000
Suzuki,Petrol,78000,Alto,Karachi,2008,550000
Suzuki,Petrol,33937,Other,Karachi,1993,260000
Honda,Petrol,126000,City IDSI,Karachi,2005,600000
Daihatsu,CNG,100000,Charade,Karachi,1986,245000
Suzuki,CNG,155000,Baleno,Karachi,2005,500000
Suzuki,Petrol,96000,Alto,Karachi,2015,1040000
Suzuki,CNG,112000,Alto,Karachi,2010,580000
Honda,Petrol,150000,Civic EXi,Karachi,2001,600000
Toyota,Petrol,60000,Passo,Karachi,2008,975000
Daihatsu,CNG,150000,Cuore,Karachi,2007,340000
Toyota,Petrol,1234,Other,Karachi,1982,500000
Daihatsu,CNG,95000,Cuore,Karachi,2005,465000
Daihatsu,CNG,85236,Cuore,Karachi,1993,150000
Toyota,Petrol,74000,Vitz,Karachi,2005,910000
Toyota,Petrol,25000,Yaris,Karachi,2015,280000
Toyota,Hybrid,56000,Aygo,Karachi,2014,1975000
Toyota,Petrol,1,Vitz,Karachi,2007,930000
Suzuki,Petrol,62000,Cultus VXR,Karachi,2014,860000
Toyota,Petrol,74000,Rush,Karachi,2007,1600000
Daihatsu,Petrol,80000,Hijet,Karachi,2015,725000
Suzuki,CNG,356425,Margalla,Karachi,1993,240000
Suzuki,CNG,52000,FX,Karachi,1985,140000
Daihatsu,Petrol,1234567,Mira,Karachi,2014,965000
Suzuki,CNG,1,Mehran VX,Karachi,1989,120000
Toyota,Hybrid,120000,Prius,Karachi,2010,2000000
Honda,Petrol,89000,Civic VTi Oriel Prosmatec,Karachi,2016,2325000
Nissan,Petrol,44000,Dayz,Karachi,2015,1120000
Toyota,Petrol,125000,Vitz,Karachi,2008,950000
Suzuki,Petrol,57000,Alto,Karachi,2016,960000
Toyota,Petrol,35000,Fortuner,Karachi,2011,210000
Daihatsu,Petrol,29800,Mira,Karachi,2015,1140000
Daihatsu,CNG,10000000,Charade,Lahore,1984,60000
Toyota,Petrol,1000,Passo,Karachi,2007,795000
Toyota,CNG,99000,Corolla GLI,Karachi,2009,1135000
Suzuki,Petrol,82000,Cultus VXR,Karachi,2012,785000
Suzuki,CNG,1,Bolan,Karachi,1997,365000
Suzuki,Petrol,100000,Every,Karachi,2014,960000
Daihatsu,Petrol,1,Other,Karachi,1986,200000
Toyota,Petrol,120000,Corolla XLI,Karachi,2006,800000
Suzuki,CNG,77000,Alto,Karachi,2004,405000
Daihatsu,Petrol,38000,Mira,Karachi,2014,1250000
Suzuki,CNG,100000,Cultus VXR,Karachi,2008,650000
Suzuki,CNG,95410,Cultus VXR,Karachi,2012,695000
Suzuki,CNG,82000,Alto,Karachi,2008,535000
Suzuki,CNG,100000,Alto,Karachi,2007,465000
Suzuki,CNG,12500,Liana,Karachi,2008,600000
Daihatsu,Petrol,22500,Mira,Karachi,2016,1250000
Honda,Petrol,150000,Civic EXi,Karachi,2004,820000
Suzuki,Petrol,100000,Alto,Karachi,2007,450000
Daihatsu,Petrol,92000,Cuore,Karachi,2006,600000
Toyota,Petrol,100000,Camry,Karachi,2006,1650000
Toyota,Petrol,150000,Corrolla Altis,Karachi,2011,1550000
Suzuki,Petrol,44000,Cultus VXR,Karachi,2013,860000
Toyota,CNG,270000,Corolla XLI,Karachi,2006,950000
Suzuki,Petrol,68500,Swift,Karachi,2011,1165000
Toyota,Petrol,35000,Prado,Karachi,2013,7550000
Suzuki,CNG,10,Alto,Karachi,2005,510000
Toyota,CNG,12345,Corolla XE,Karachi,1998,570000
Suzuki,CNG,74000,Swift,Karachi,1989,215000
Toyota,Petrol,36000,Aqua,Karachi,2015,1650000
Suzuki,CNG,48000,Cultus VXL,Karachi,2006,570000
Suzuki,Petrol,100000,Mehran VXR,Karachi,2010,400000
Honda,CNG,153000,Civic EXi,Karachi,1998,450000
Toyota,Petrol,76000,Vitz,Karachi,2009,1060000
Hyundai,CNG,100000,Santro,Karachi,2001,500000
Nissan,Petrol,15000,Dayz,Karachi,2015,1200000
Suzuki,CNG,1515151,Mehran VX,Karachi,2008,315000
Toyota,CNG,105000,Corolla Assista,Karachi,2002,1125000
Toyota,Petrol,26000,Corolla GLI,Karachi,2016,1810000
Honda,CNG,1,City IVTEC,Karachi,2000,520000
Hyundai,CNG,70000,Santro,Karachi,2001,270000
Honda,Petrol,1234,Civic EXi,Karachi,1999,380000
Honda,Petrol,117000,City IDSI,Karachi,2007,860000
Suzuki,Petrol,52000,Mehran VX,Karachi,1998,280000
Toyota,Hybrid,42850,Aqua,Karachi,2015,1900000
Daihatsu,Petrol,8400,Mira,Karachi,2015,1225000
Honda,Petrol,74000,Civic VTi Oriel Prosmatec,Karachi,2011,1375000
Toyota,Petrol,9000,Corrolla Altis,Karachi,2017,2835000
Daihatsu,Petrol,35000,Mira,Karachi,2013,1250000
Toyota,Petrol,1234,Sera,Karachi,1990,575000
Honda,Petrol,44000,Civic VTi Oriel Prosmatec,Karachi,2012,1660000
Suzuki,Petrol,87000,Cultus VXR,Karachi,2009,660000
Honda,CNG,100000,City IDSI,Karachi,2006,775000
Suzuki,CNG,1,Khyber,Karachi,1999,260000
Suzuki,CNG,59000,Cultus VXR,Karachi,2013,865000
Suzuki,CNG,100000,FX,Karachi,1985,120000
Suzuki,Petrol,80000,Carry,Karachi,2012,825000
Daihatsu,Petrol,88000,Hijet,Karachi,2012,810000
Toyota,Petrol,1,Vitz,Karachi,2009,850000
Mitsubishi,CNG,100000,Lancer,Karachi,2005,750000
Suzuki,CNG,100000,FX,Karachi,1988,120000
Daihatsu,Petrol,60000,Mira,Karachi,2014,920000
Honda,Petrol,139000,Acty,Karachi,2010,625000
Honda,Petrol,69000,Civic VTi Oriel Prosmatec,Karachi,2014,1850000
Daihatsu,CNG,545,Cuore,Karachi,2000,320000
Suzuki,Petrol,19800,Cultus VXL,Karachi,2018,1400000
Suzuki,Petrol,69000,Bolan,Askoley,1994,290000
Suzuki,CNG,123,Bolan,Karachi,1997,330000
Other Brands,Petrol,69000,Other,Karachi,2006,685000
Toyota,Petrol,150000,Corolla XE,Karachi,1992,565000
Nissan,Petrol,44400,Moco,Karachi,2014,1220000
Daihatsu,Petrol,28000,Mira,Karachi,2017,1170000
Suzuki,Petrol,90000,Mehran VX,Karachi,2006,140000
Toyota,Petrol,74516,Corolla GLI,Karachi,2011,1315000
Suzuki,CNG,200000,Khyber,Karachi,1992,200000
Suzuki,Petrol,333333,Khyber,Karachi,1989,235000
Suzuki,CNG,1,Mehran VX,Karachi,2005,300000
Suzuki,CNG,89300,Alto,Karachi,2010,534999
Suzuki,Petrol,71000,Alto,Karachi,2008,520000
Suzuki,CNG,125000,Cultus VXR,Karachi,2000,400000
Daihatsu,Petrol,22000,Mira,Karachi,2014,1170000
Suzuki,Petrol,78000,Cultus VXR,Karachi,2012,770000
Suzuki,Petrol,1234,Mehran VXR,Karachi,1993,260000
Suzuki,CNG,100000,Khyber,Karachi,1995,240000
Suzuki,Petrol,750000,Every,Karachi,2010,820000
Suzuki,CNG,97500,Khyber,Karachi,1997,360000
Suzuki,Petrol,30000,Cultus VXR,Khanpur,2007,575000
Honda,CNG,120000,City IDSI,Karachi,2002,530000
KIA,CNG,198000,Pride,Karachi,1996,250000
Suzuki,CNG,1000,Margalla,Karachi,1997,285000
Suzuki,CNG,1,Khyber,Karachi,1990,235000
Toyota,Petrol,84000,Corolla GLI,Karachi,2011,1125000
Suzuki,Petrol,20000,Wagon R,Karachi,2017,1260000
Toyota,Hybrid,30500,Aqua,Karachi,2014,1865000
Suzuki,CNG,1,Bolan,Karachi,1997,350000
Suzuki,Petrol,1,Baleno,Karachi,2003,425000
Honda,Petrol,44000,City IVTEC,Karachi,2013,1425000
Toyota,Petrol,225000,Premio,Karachi,2003,1225000
Suzuki,Petrol,10000,Every,Karachi,2011,880000
Suzuki,CNG,10000,Mehran VXR,Karachi,2005,210000
Mercedes,Petrol,32999,Smart,Karachi,2015,1865000
Toyota,Petrol,112360,86,Karachi,1982,370000
Toyota,Petrol,11000,Corolla XLI,Karachi,2017,1830000
Toyota,Petrol,86000,Corolla XLI,Karachi,2010,1150000
Suzuki,CNG,70000,Cultus VXR,Karachi,2010,680000
Nissan,Petrol,90026,March,Karachi,2006,680000
Daihatsu,Petrol,43500,Mira,Karachi,2014,1100000
Suzuki,CNG,5000,Bolan,Karachi,2007,520000
Toyota,CNG,80000,Corolla GLI,Karachi,2012,1490000
Honda,CNG,146000,Civic VTi,Karachi,2005,850000
Honda,Petrol,170000,Civic Prosmetic,Karachi,2002,685000
Toyota,Petrol,53001,Corolla XLI,Karachi,2014,1575000
Other Brands,Petrol,1,Other,Karachi,2008,635000
Suzuki,Petrol,42500,Wagon R,Karachi,2016,1025000
Toyota,Petrol,1020000,Corolla GLI,Karachi,2008,1080000
Nissan,Petrol,9999,Sunny,Karachi,1998,500000
Mazda,Petrol,78000,Demio,Karachi,2007,812000
Suzuki,Hybrid,111111,Mehran VX,Karachi,2003,199000
KIA,CNG,100000,Sportage,Karachi,2005,845000
Honda,CNG,386700,City IDSI,Karachi,1998,380000
Toyota,Petrol,81000,Corolla XLI,Karachi,2009,1185000
Suzuki,CNG,75000,Bolan,Karachi,2008,490000
Suzuki,CNG,88000,Alto,Karachi,2009,500000
Suzuki,CNG,100000,Mehran VXR,Karachi,2007,290000
Suzuki,Petrol,60,Bolan,Karachi,2003,420000
Toyota,Petrol,125000,Corona,Karachi,1973,240000
Toyota,Petrol,21000,Passo,Karachi,2015,1560000
Daihatsu,CNG,100000,Charade,Karachi,1987,255000
Toyota,Petrol,65000,Vitz,Karachi,2012,1400000
Suzuki,CNG,60000,Cultus VXR,Karachi,2011,665000
Toyota,Petrol,78500,Vitz,Karachi,2009,1100000
Mitsubishi,CNG,170000,Lancer,Karachi,1997,400000
Suzuki,Petrol,31258,Mehran VXR,Karachi,2014,580000
Honda,Petrol,1,Civic VTi Oriel Prosmatec,Karachi,2004,750000
Suzuki,CNG,185252,Alto,Karachi,2006,380000
Toyota,Hybrid,86000,Aqua,Karachi,2014,1800000
Toyota,CNG,152400,Corolla GLI,Karachi,1998,600000
Honda,Petrol,70000,City IVTEC,Karachi,2013,1396000
Honda,Petrol,83000,Civic VTi Oriel Prosmatec,Karachi,2011,1090000
Suzuki,Petrol,100000,Cultus VXR,Karachi,2009,650000
Honda,Petrol,123456,Civic Prosmetic,Karachi,2005,840000
Suzuki,Petrol,28000,Alto,Karachi,2014,1215000
Honda,Petrol,73000,Accord,Karachi,2003,985000
Toyota,Petrol,2222,Passo,Karachi,2006,760000
Suzuki,Petrol,98525,Every Wagon,Karachi,2012,1320000
Suzuki,Petrol,80000,Cultus VXR,Karachi,2004,480000
Daihatsu,Petrol,113000,Cuore,Karachi,2005,555000
Suzuki,CNG,569803,FX,Quetta,1987,100000
Suzuki,Petrol,66000,Swift,Karachi,2012,1050000
Honda,Petrol,124000,Civic Hybrid,Karachi,2005,696000
Suzuki,CNG,71000,Cultus VXR,Karachi,2011,780000
Suzuki,CNG,88,Mehran VX,Karachi,1991,160000
Suzuki,Petrol,60000,Alto,Karachi,2012,635000
Honda,Petrol,175000,Civic EXi,Karachi,2005,750000
Honda,Petrol,110000,City IDSI,Karachi,2008,935000
Honda,Petrol,124000,Accord,Karachi,2007,1150000
Suzuki,CNG,77000,Swift,Karachi,2010,930000
Daihatsu,Petrol,40000,Mira,Karachi,2015,1195000
Nissan,CNG,120000,AD Van,Karachi,2007,885000
Suzuki,Petrol,98552,Every Wagon,Karachi,2012,1320000
Suzuki,CNG,100000,Mehran VXR,Karachi,2005,210000
Suzuki,CNG,150000,Mehran VX,Karachi,2004,305000
Suzuki,CNG,1,Alto,Karachi,2005,350000
Suzuki,CNG,95000,Alto,Karachi,2007,450000
Toyota,Petrol,95000,Duet,Karachi,2002,530000
Suzuki,Petrol,1234,Liana,Karachi,2008,460000
Daihatsu,Petrol,72400,Mira,Karachi,2006,745000
Honda,Petrol,96000,Civic VTi,Karachi,2006,945000
Daihatsu,CNG,8886,Charade,Karachi,1984,185000
Nissan,CNG,999999,Sunny,Karachi,1985,120000
Toyota,Petrol,100000,Passo,Karachi,2013,850000
Toyota,Petrol,90000,Corolla XLI,Karachi,2006,860000
Suzuki,CNG,196000,Alto,Karachi,2004,375000
Suzuki,CNG,580,Liana,Karachi,2006,540000
Mitsubishi,CNG,122000,Lancer,Karachi,2005,690000
Toyota,Petrol,24000,Corrolla Altis,Karachi,2017,2750000
Suzuki,Petrol,46600,Mehran VXR,Karachi,2015,600000
Honda,Hybrid,32000,Vezel,Karachi,2014,3200000
Toyota,CNG,82000,Corolla XLI,Karachi,2006,835000
Suzuki,CNG,103000,Alto,Karachi,2005,413000
Toyota,CNG,150000,Corolla XLI,Karachi,2011,1140000
Suzuki,CNG,90000,Bolan,Karachi,1990,300000
Suzuki,CNG,1,Alto,Karachi,2008,550000
Suzuki,Petrol,53000,Cultus VXR,Karachi,2014,950000
Suzuki,CNG,78454,Alto,Karachi,2012,675000
Honda,Petrol,91000,Civic Prosmetic,Karachi,2005,850000
Suzuki,CNG,60000,Bolan,Karachi,1994,300000
Toyota,Petrol,125000,Vitz,Karachi,2007,935000
Hyundai,CNG,5000,Santro,Karachi,2004,480000
Suzuki,CNG,90000,Alto,Karachi,2001,320000
Toyota,Petrol,51000,Vitz,Karachi,2010,1095000
Suzuki,CNG,123654,Khyber,Karachi,1996,250000
Honda,CNG,19000,City IDSI,Karachi,2005,750000
Daihatsu,Petrol,149980,Cuore,Karachi,2005,485000
Honda,Petrol,60950,City Aspire,Karachi,2013,1469000
Daihatsu,CNG,100000,Charade,Karachi,1983,140000
Honda,Petrol,58000,Civic VTi Oriel Prosmatec,Karachi,2013,1775000
Suzuki,Petrol,85000,Cultus VXR,Karachi,2007,525000
Honda,Petrol,78000,City Aspire,Karachi,2012,1300000
Suzuki,Petrol,200000,Liana,Karachi,2006,520000
Suzuki,Petrol,52,Mehran VXR,Karachi,2014,505000
Suzuki,CNG,191000,Baleno,Karachi,2003,550000
Honda,Petrol,54000,Civic Prosmetic,Karachi,2007,1060000
Suzuki,Petrol,90000,Alto,Karachi,2007,470000
Toyota,Petrol,78000,Vitz,Karachi,2008,995000
Suzuki,CNG,78000,Alto,Karachi,2007,370000
Toyota,Petrol,19000,Corrolla Altis,Karachi,2017,2250000
Suzuki,Petrol,85000,Cultus VXR,Karachi,2006,435000
Suzuki,CNG,900000,Bolan,Karachi,1989,280000
Toyota,Petrol,90000,Vitz,Karachi,2003,825000
Toyota,Petrol,84000,Corolla GLI,Karachi,2013,1575000
Suzuki,CNG,10000,Khyber,Karachi,1996,235000
Suzuki,CNG,40000,Bolan,Karachi,2007,480000
Suzuki,CNG,1234,Alto,Karachi,2012,665000
Honda,CNG,179000,City IDSI,Karachi,2004,760000
Toyota,Petrol,67000,Corolla GLI,Karachi,2014,1750000
Suzuki,CNG,55000,Mehran VXR,Karachi,2003,310000
Honda,Petrol,48288,Civic VTi Oriel Prosmatec,Karachi,2010,1370000
Suzuki,Petrol,51000,Cultus VXR,Karachi,2011,795000
Suzuki,Petrol,74000,Margalla,Karachi,1995,355000
Suzuki,Hybrid,10000,Swift,Karachi,1990,190000
Toyota,CNG,72321,Corolla XLI,Karachi,2013,1285000
Toyota,Petrol,150000,Corolla Axio,Karachi,2014,1600000
Suzuki,Petrol,52000,Cultus VXR,Karachi,2013,900000
Honda,Petrol,76000,City Vario,Karachi,2008,850000
Toyota,Petrol,80000,Corolla Fielder,Karachi,2006,1425000
Honda,Petrol,140000,City IVTEC,Karachi,2010,1120000
Toyota,Petrol,25000,Corolla GLI,Karachi,2010,1500000
Suzuki,Petrol,56000,Alto,Karachi,2012,590000
Suzuki,CNG,80000,Alto,Karachi,2007,475000
Suzuki,CNG,135,Margalla,Karachi,1994,265000
Honda,CNG,1,Civic VTi,Karachi,1996,485000
Toyota,Petrol,87000,Corolla GLI,Karachi,2010,1200000
Nissan,CNG,121222,AD Van,Karachi,2012,670000
Suzuki,CNG,26000,Mehran VX,Karachi,1990,145000
Toyota,Petrol,19000,Corolla XLI,Karachi,2017,1995000
Toyota,Petrol,78500,Corolla GLI,Karachi,2013,1400000
Toyota,Petrol,106000,Corolla XLI,Karachi,2011,1285000
Nissan,Petrol,1,March,Karachi,2006,440000
Suzuki,CNG,258,Mehran VX,Karachi,2002,235000
Toyota,Petrol,63000,Vitz,Karachi,2007,820000
Suzuki,CNG,46393,Mehran VXR,Karachi,1994,185000
Suzuki,CNG,65000,Cultus VXR,Karachi,2010,670000
Suzuki,CNG,3500,Palette Sw,Karachi,2007,290000
Suzuki,LPG,10000,Bolan,Karachi,1984,145000
Toyota,Petrol,78000,Platz,Karachi,2003,770000
Daihatsu,CNG,86000,Cuore,Karachi,2004,420000
Toyota,Petrol,94000,Vitz,Karachi,2008,995000
Suzuki,CNG,120000,Cultus VXR,Karachi,2007,550000
Toyota,Petrol,115000,Vitz,Karachi,2005,835000
Toyota,Petrol,42500,Vitz,Karachi,2013,1390000
Toyota,Petrol,100000,Corolla GLI,Karachi,2009,1070000
Suzuki,Petrol,48789,Cultus VXR,Karachi,2014,818000
Toyota,Petrol,95500,Vitz,Karachi,2013,1350000
Suzuki,Petrol,8000,Cultus VXR,Karachi,2001,400000
Toyota,Petrol,15500,Corolla GLI,Karachi,2015,1820000
Toyota,Diesel,100000,Hilux,Karachi,2007,2650000
Daewoo,CNG,2550,Racer,Karachi,1996,160000
Suzuki,Petrol,100000,Alto,Karachi,2001,380000
Honda,Petrol,80182,City Vario,Karachi,2005,685000
Classic & Antiques,Petrol,123456,Other,Karachi,1964,650000
Suzuki,CNG,50000,FX,Karachi,1987,90000
Suzuki,Petrol,69000,Cultus VXR,Karachi,2012,710000
Toyota,Petrol,43946,Corolla GLI,Karachi,2016,1810000
Mitsubishi,CNG,5000,Lancer Evolution,Karachi,1986,85000
Suzuki,Petrol,13800,Cultus VXR,Karachi,2016,1025000
Honda,CNG,79250,Civic EXi,Karachi,2005,775000
Toyota,Petrol,85000,Corolla GLI,Karachi,2010,1150000
Honda,Petrol,75000,City IDSI,Karachi,2005,670000
Suzuki,Petrol,75000,Alto,Karachi,2008,690000
Honda,Petrol,21900,Civic VTi Oriel Prosmatec,Karachi,2017,2725000
Suzuki,CNG,100000,Other,Karachi,1984,220000
Honda,Petrol,123456,Civic VTi Oriel Prosmatec,Karak,2007,1020000
Honda,Petrol,60986,City IDSI,Karachi,2006,950000
Suzuki,Petrol,38000,Mehran VXR,Karachi,2014,510000
Honda,Petrol,1,Civic EXi,Karachi,2002,690000
Toyota,CNG,147000,Corolla XE,Karachi,1999,560000
Daihatsu,Petrol,67000,Mira,Karachi,2012,900000
Honda,Petrol,76550,Civic Prosmetic,Karachi,2005,785000
Toyota,Petrol,117000,Corolla GLI,Karachi,2012,1465000
Suzuki,Petrol,71500,Cultus VXR,Karachi,2010,670000
Daihatsu,CNG,1,Cuore,Karachi,2005,370000
Suzuki,CNG,43000,Margalla,Karachi,1993,265000
Toyota,CNG,125000,Corolla XLI,Karachi,2006,850000
Suzuki,Petrol,43000,Alto,Karachi,2011,660000
Nissan,Petrol,147500,Sunny,Karachi,1998,555000
Suzuki,CNG,59000,Cultus VXR,Karachi,2005,460000
Suzuki,Petrol,92793,Cultus VXR,Karachi,2011,750000
Daihatsu,Petrol,75000,Cuore,Karachi,2011,585000
Suzuki,Petrol,99000,Cultus VXR,Karachi,2006,550000
Honda,Petrol,87800,Civic VTi Oriel Prosmatec,Karachi,2010,1210000
Suzuki,Petrol,53000,Bolan,Karachi,2015,665000
Toyota,Petrol,138000,Vitz,Karachi,2008,835000
Toyota,CNG,150000,Corolla Assista,Islamabad,2006,1425000
Honda,Petrol,78000,Civic Prosmetic,Karachi,2005,860000
Suzuki,Hybrid,145000,Bolan,Karachi,1991,280000
Suzuki,CNG,84000,Khyber,Karachi,1992,220000
Honda,CNG,1000,Civic EXi,Karachi,1986,175000
Toyota,CNG,777,Other,Karachi,1999,520000
Suzuki,Petrol,86,Cultus VXR,Karachi,2014,780000
Daihatsu,Petrol,49000,Move,Karachi,2014,1095000
Suzuki,CNG,1,Cultus VXR,Lahore,2004,440000
Honda,Petrol,100000,City Vario,Karachi,2005,750000
Toyota,Petrol,23500,Hilux,Karachi,2017,4600000
Daihatsu,Petrol,100000,Move,Karachi,2008,775000
Honda,Petrol,137000,Civic EXi,Karachi,1995,415000
Toyota,Petrol,47000,Corolla GLI,Karachi,2013,1430000
Daihatsu,Petrol,113000,Cuore,Karachi,2005,555000
Honda,CNG,129999,Civic EXi,Karachi,2003,580000
Toyota,Petrol,105000,Corolla XLI,Karachi,2009,1020000
Toyota,CNG,22,86,Karachi,2018,195000
Toyota,Petrol,21000,Prius,Karachi,2016,2900000
Toyota,Petrol,100000,Vitz,Karachi,2006,920000
Daihatsu,Petrol,23560,Charade,Karachi,1985,150000
Mitsubishi,Petrol,140000,Pajero Mini,Karachi,1997,395000
Lexus,CNG,200,Gx Series,Karachi,2017,900000
Suzuki,CNG,100000,Bolan,Karachi,1997,310000
Suzuki,Petrol,60000,Alto,Karachi,2014,1050000
Toyota,Petrol,18500,Corolla GLI,Karachi,2017,2050000
Suzuki,Petrol,94000,Cultus VXR,Karachi,2013,876000
Toyota,Petrol,83858,Corolla Axio,Karachi,2007,1525000
Suzuki,CNG,72000,Cultus VXR,Karachi,2007,538000
Toyota,Petrol,140000,Corrolla Altis,Karachi,2005,840000
Honda,Petrol,85000,Civic Prosmetic,Karachi,2005,875000
Suzuki,CNG,86000,Alto,Karachi,2007,410000
Suzuki,CNG,30000,Bolan,Karachi,2008,5000000
Honda,Petrol,1,Civic VTi Oriel Prosmatec,Karachi,2018,3090000
Mitsubishi,Petrol,123000,Lancer,Karachi,2005,725000
Suzuki,CNG,85930,Alto,Karachi,2010,590000
Toyota,Petrol,26000,Corolla GLI,Karachi,2016,1850000
BMW,Diesel,157000,5 Series,Karachi,2007,2000000
Toyota,Petrol,14426,Corrolla Altis,Karachi,2017,2310000
Suzuki,CNG,65000,Cultus VXR,Karachi,2008,610000
Toyota,Petrol,85000,Prado,Karachi,2005,4000000
Suzuki,Petrol,80000,Alto,Karachi,2014,1000000
Toyota,Hybrid,105000,Aqua,Karachi,2014,1760000
Toyota,Petrol,76500,Corolla GLI,Karachi,2011,1340000
Toyota,CNG,7500,Sera,Karachi,1992,600000
Daihatsu,Petrol,35500,Move,Karachi,2015,1280000
Suzuki,Petrol,44000,Wagon R,Karachi,2015,835000
Suzuki,CNG,70000,Khyber,Karachi,1997,210000
Daihatsu,Petrol,76000,Mira,Karachi,2013,1000000
Suzuki,Petrol,46000,Cultus VXR,Karachi,2014,930000
Suzuki,CNG,1,Mehran VX,Karachi,2006,300000
Nissan,Diesel,54321,Sunny,Karachi,1993,170000
Daihatsu,Petrol,160000,Mira,Karachi,2008,750000
Suzuki,CNG,85000,Alto,Karachi,2006,380000
Daihatsu,Petrol,49000,Mira,Karachi,2013,830000
Daihatsu,CNG,9999,Charade,Karachi,1986,210000
Chevrolet,Petrol,1,Joy,Karachi,2009,410000
Honda,Petrol,48000,City IVTEC,Karachi,2012,1425000
Toyota,Petrol,400000,Corolla XLI,Karachi,2005,880000
Toyota,Petrol,19000,Corolla GLI,Karachi,2016,1975000
Toyota,Petrol,51000,Vitz,Karachi,2010,995000
Toyota,Petrol,56000,Corolla GLI,Karachi,2015,1750000
Toyota,CNG,120000,Corrolla Altis,Karachi,2003,865000
Toyota,Petrol,88000,Corolla XLI,Karachi,2006,848000
Suzuki,CNG,78000,Cultus VXR,Karachi,2007,565000
Suzuki,CNG,620000,Mehran VX,Karachi,2010,375000
Honda,Petrol,150000,Civic VTi,Karachi,2008,950000
Mercedes,Petrol,100000,240 Gd,Karachi,1991,480000
Suzuki,Petrol,78000,Cultus VXR,Karachi,2008,550000
Suzuki,CNG,52000,Alto,Karachi,2012,525000
Daihatsu,Petrol,68000,Mira Cocoa,Karachi,2008,750000
Suzuki,Petrol,82000,Cultus VXL,Karachi,2006,570000
Suzuki,Petrol,99685,Mehran VXR,Karachi,2012,425000
Daihatsu,Petrol,72000,Terios Kid,Karachi,2010,1149000
Daihatsu,Petrol,10000,Mira,Karachi,2015,990000
Suzuki,CNG,7655,Cultus VXL,Karachi,2006,535000
Suzuki,Petrol,110698,Cultus VXR,Karachi,2012,785000
Honda,Petrol,786,Civic VTi,Karachi,1998,600000
Suzuki,Petrol,21600,Mehran VXR,Karachi,2017,745000
Toyota,Petrol,61,Corolla XLI,Karachi,2013,1340000
Suzuki,CNG,250000,Khyber,Karachi,1991,220000
Honda,Petrol,100000,City Vario,Karachi,2006,850000
Suzuki,CNG,1,Cultus VXR,Karachi,2007,480000
Honda,CNG,123654,City IVTEC,Karachi,2005,635000
Toyota,Petrol,65000,Corrolla Altis,Karachi,2013,1625000
Honda,CNG,1,Civic EXi,Karachi,2001,550000
Nissan,Petrol,119000,Wingroad,Karachi,2007,1150000
Suzuki,Petrol,57000,Every,Karachi,2014,725000
Suzuki,Petrol,43000,Wagon R,Karachi,2016,1175000
Daihatsu,Petrol,15000,Charade,Karachi,1985,125000
Toyota,Petrol,87000,Corolla GLI,Karachi,2011,1300000
Suzuki,CNG,65000,Cultus VXR,Karachi,2013,745000
Honda,Petrol,26000,City IVTEC,Karachi,2016,1650000
Suzuki,Petrol,40000,Mehran VX,Karachi,2012,460000
Toyota,Petrol,88000,Premio,Karachi,2007,1275000
Toyota,Petrol,106630,Corolla XLI,Karachi,2011,1165000
Suzuki,CNG,1200,Margalla,Karachi,1993,295000
Toyota,Petrol,56000,Passo,Karachi,2010,1090000
Toyota,Petrol,27000,Vitz,Karachi,2013,975000
Suzuki,Petrol,115000,Swift,Karachi,2010,850000
Honda,Petrol,73000,Civic VTi Oriel Prosmatec,Karachi,2011,1325000
Suzuki,CNG,412002,Khyber,Karachi,1998,284999
Suzuki,Petrol,50000,Alto,Islamabad,2012,590000
Suzuki,Petrol,50000,Mehran VXR,Karachi,2009,370000
Daewoo,CNG,90000,Racer,Karachi,1996,180000
Toyota,Petrol,71000,Corolla GLI,Karachi,2012,1350000
Toyota,CNG,120000,Corolla XE,Karachi,1999,665000
Daihatsu,CNG,67000,Mira,Karachi,2014,1020000
Honda,Petrol,1,Civic Prosmetic,Karachi,2010,1250000
Suzuki,Petrol,79000,Liana,Karachi,2006,541000
Suzuki,CNG,57000,Alto,Karachi,2011,615000
Suzuki,CNG,1122,Alto,Karachi,2008,450000
Suzuki,Petrol,47000,Alto,Karachi,2012,650000
Toyota,Hybrid,118000,Prius,Karachi,2014,2350000
Suzuki,CNG,1,Alto,Karachi,2004,365000
Suzuki,Petrol,80000,Cultus VXR,Karachi,2011,770000
Honda,CNG,150000,Other,Karachi,2000,545000
Toyota,Petrol,74000,Belta,Karachi,2011,1225000
Daihatsu,Petrol,48000,Atrai Wagon,Karachi,2011,1025000
Suzuki,CNG,1,Cultus VXR,Karachi,2008,620000
Toyota,Petrol,145500,Vitz,Karachi,1999,725000
Suzuki,Petrol,3210,Alto,Karachi,2011,521000
Mitsubishi,Petrol,90000,Minicab Bravo,Karachi,2011,625000
Suzuki,CNG,70000,Liana,Karachi,2006,525000
Suzuki,Petrol,50000,Alto,Karachi,2008,485000
Suzuki,Petrol,102500,Liana,Karachi,2011,669000
Toyota,Petrol,125000,Corolla XE,Karachi,2004,845000
Suzuki,CNG,85000,Cultus VXR,Karachi,2006,520000
Suzuki,Petrol,56000,Cultus VXR,Karachi,2014,875000
Suzuki,CNG,99999,FX,Karachi,1988,80000
Suzuki,Petrol,1234,Mehran VX,Karachi,1997,205000
Suzuki,CNG,1,Alto,Karachi,2004,365000
Toyota,Petrol,73200,Allion,Karachi,2003,1195000
Daihatsu,CNG,1,Cuore,Karachi,2003,380000
Toyota,Petrol,100000,Vitz,Karachi,2009,1035000
Toyota,Petrol,99999,Corolla XLI,Karachi,2012,1265000
Nissan,Petrol,25000,Moco,Karachi,2014,1075000
Toyota,Petrol,100000,Vitz,Karachi,2009,1035000
Toyota,Petrol,99999,Corolla XLI,Karachi,2012,1265000
Nissan,Petrol,25000,Moco,Karachi,2014,1075000
Daihatsu,Petrol,94000,Cuore,Karachi,2009,675000
Honda,Petrol,155000,Civic VTi Oriel,Karachi,2005,800000
Nissan,Petrol,152636,Blue Bird,Karachi,1969,125000
Toyota,Petrol,94000,Vitz,Karachi,2011,1275000
Toyota,Petrol,52999,Corolla GLI,Karachi,2014,1720000
Suzuki,CNG,1,Mehran VX,Karachi,1990,160000
Suzuki,Petrol,38000,Alto,Karachi,2008,515000
Suzuki,CNG,68954,Bolan,Karachi,2012,572500
Suzuki,CNG,25000,Khyber,Karachi,1996,230000
Suzuki,CNG,100000,Bolan,Karachi,1985,160000
Toyota,Petrol,1,Corrolla Altis,Karachi,2010,1400000
Suzuki,Petrol,1,Margalla,Karachi,1995,250000
Toyota,Petrol,42000,Vitz,Karachi,2014,1400000
Toyota,Petrol,95000,Corolla XLI,Karachi,2009,1080000
Suzuki,CNG,100000,Cultus VXR,Karachi,2006,485000
Suzuki,Hybrid,2500,Alto,Sialkot,2018,1025000
Honda,Petrol,9000,City IVTEC,Karachi,2017,1800000
Honda,Petrol,100000,Civic VTi Oriel Prosmatec,Karachi,2002,700000
Toyota,Petrol,135000,Platz,Karachi,2006,600000
Hyundai,Petrol,1,Santro,Karachi,2005,460000
Suzuki,CNG,70000,Mehran VX,Karachi,2011,385000
Suzuki,Petrol,1,Mehran VXR,Karachi,2018,840000
Toyota,Hybrid,31000,Aqua,Karachi,2015,2100000
Toyota,Petrol,89000,Vitz,Karachi,2009,1035000
Suzuki,CNG,64500,Mehran VXR,Karachi,2011,475000
Suzuki,Petrol,60000,Cultus VXR,Karachi,2007,550000
Suzuki,CNG,75000,FX,Karachi,1986,75000
Toyota,Petrol,91000,Corolla XE,Karachi,2002,825000
Chevrolet,Petrol,80000,Exclusive,Karachi,2005,350000
Honda,Petrol,81000,Civic Prosmetic,Karachi,2004,880000
Toyota,Petrol,16500,Corolla GLI,Karachi,2016,2075000
Daihatsu,CNG,12312,Charade,Karachi,1985,255000
Nissan,CNG,1000,Sunny,Karachi,1985,165000
Suzuki,CNG,87000,Cultus VXR,Karachi,2005,530000
Suzuki,Petrol,56000,Swift,Karachi,2010,960000
Honda,Petrol,32000,N Wgn,Karachi,2014,1178000
Toyota,CNG,85000,Corolla XLI,Karachi,2009,935000
Suzuki,CNG,3000,Alto,Karachi,2005,415000
Nissan,Petrol,100000,Dayz Highway Star,Karachi,2014,1200000
Honda,CNG,588,City IDSI,Karachi,1998,380000
Suzuki,CNG,1000,Mehran VX,Karachi,1995,210000
Suzuki,CNG,121230,Liana,Karachi,2007,490000
Toyota,Petrol,90000,Vitz,Karachi,2012,1375000
Suzuki,Petrol,106000,Cultus VXR,Karachi,2006,545000
Daihatsu,CNG,100,Charade,Karachi,1994,100000
Toyota,Hybrid,580000,Aqua,Karachi,2012,1560000
Toyota,Petrol,999,Corolla GLI,Karachi,2015,1745000
Suzuki,LPG,50000,Alto,Karachi,2007,390000
Honda,Petrol,12000,City IVTEC,Karachi,2017,1875000
Suzuki,Petrol,76,Cultus VXR,Karachi,2008,625000
Suzuki,CNG,121230,Liana,Karachi,2007,490000
Suzuki,Petrol,57000,Mehran VX,Karachi,2008,340000
Honda,Petrol,86087,City IDSI,Karachi,2008,860000
Suzuki,CNG,12345,Bolan,Karachi,1998,355000
Suzuki,Petrol,219000,Alto,Karachi,2006,480000
Daewoo,CNG,80000,Racer,Karachi,1993,140000
Toyota,Petrol,192000,Corolla GLI,Karachi,2011,1200000
Toyota,Diesel,65000,Surf,Karachi,2003,2700000
Suzuki,Petrol,73000,Alto,Karachi,2008,525000
Toyota,Petrol,1,Belta,Karachi,2013,1400000
Daihatsu,CNG,80000,Cuore,Karachi,2004,420000
Suzuki,CNG,92000,Alto,Karachi,2009,570000
Toyota,Petrol,44000,Corolla GLI,Karachi,2009,1200000
Toyota,Petrol,1200,Corolla XLI,Karachi,2013,1300000
Toyota,Petrol,60000,Corolla GLI,Karachi,2011,1630000
Suzuki,Petrol,960000,Alto,Karachi,2007,480000
Daihatsu,Petrol,111144,Mira,Karachi,2007,750000
Honda,CNG,93000,City IDSI,Karachi,2003,675000
Toyota,Petrol,24000,Corrolla Altis,Karachi,2017,2800000
Suzuki,Hybrid,100000,Alto,Karachi,2005,370000
Lexus,Hybrid,67000,CT200h,Karachi,2010,2150000
Suzuki,Hybrid,1000,Alto,Karachi,2002,395000
Honda,Petrol,142000,Accord,Karachi,1998,530000
Honda,Petrol,200000,Other,Karachi,1992,400000
Suzuki,Petrol,200000,Bolan,Karachi,1990,270000
Suzuki,Petrol,290000,FX,Karachi,1984,120000
Suzuki,Petrol,24500,Bolan,Lahore,2012,650000
Suzuki,Petrol,40000,Mehran VXR,Karachi,2006,315000
Suzuki,CNG,100000,Alto,Karachi,2005,370000
Suzuki,Petrol,53000,Every,Karachi,2018,900000
Honda,Petrol,124000,Civic Prosmetic,Karachi,2008,970000
Suzuki,Diesel,100000,Khyber,Karachi,1997,290000
Honda,Petrol,60000,Civic Prosmetic,Karachi,2011,1400000
Toyota,Petrol,80000,Corolla GLI,Karachi,2013,1620000
Honda,Petrol,155000,City IDSI,Karachi,2008,950000
Honda,Hybrid,160000,Civic EXi,Karachi,1984,180000
Suzuki,Petrol,135000,Swift,Lahore,2010,950000
Suzuki,Petrol,86000,Cultus VXR,Karachi,2006,620000
Toyota,Petrol,87000,Vitz,Karachi,2010,1080000
Suzuki,Hybrid,100000,Cultus VXR,Karachi,2005,480000
Honda,Petrol,77000,Civic Prosmetic,Karachi,2007,1055000
KIA,Diesel,108822,Sportage,Karachi,2007,2400000
Toyota,Petrol,65000,Corolla XLI,Karachi,2013,1500000
Honda,Petrol,76000,City IDSI,Karachi,2005,770000
Suzuki,Petrol,82000,Alto,Karachi,2003,485000
Toyota,CNG,500000,Starlet,Karachi,1988,235000
Suzuki,Petrol,32000,Cultus VXL,Karachi,2016,1065000
KIA,Petrol,60000,Spectra,Karachi,2001,365000
KIA,Petrol,60000,Spectra,Karachi,2001,360000
Honda,Petrol,45000,City IVTEC,Karachi,2013,1375000
Toyota,CNG,80000,86,Karachi,1987,280000
Suzuki,CNG,460000,Mehran VXR,Karachi,2006,270000
Suzuki,Petrol,1,Margalla,Karachi,1994,250000
Suzuki,Petrol,84000,Swift,Karachi,2012,1040000
Toyota,Petrol,82000,Vitz,Karachi,2012,1350000
Toyota,CNG,100000,86,Karachi,1986,200000
Suzuki,Petrol,88000,Cultus VXR,Karachi,2011,735000
Suzuki,Petrol,76000,Kei,Karachi,2007,900000
Toyota,Petrol,90000,Vitz,Karachi,2007,875000
Toyota,Petrol,94500,Vitz,Karachi,2008,935000
Hyundai,Petrol,84553,Santro,Karachi,2004,470000
Daihatsu,Petrol,80000,Mira,Karachi,2011,930000
Suzuki,Petrol,26000,Swift,Karachi,2017,1465000
Daihatsu,CNG,1,Charade,Karachi,1998,245000
Daihatsu,CNG,100000,Charade,Karachi,1986,160000
Suzuki,CNG,128000,Cultus VXR,Karachi,2008,635000
Suzuki,Hybrid,90842,Alto,Karachi,2009,510000
Toyota,Petrol,74000,Vitz,Karachi,2008,1025000
Honda,Hybrid,120000,Beat,Karachi,2006,430000
Suzuki,CNG,77000,Alto,Karachi,2008,548000
Honda,CNG,70000,City IVTEC,Karachi,2008,880000
Suzuki,CNG,200000,Cultus VXR,Karachi,2005,425000
Suzuki,CNG,12345,Bolan,Karachi,1992,290000
Toyota,Petrol,115000,Mark II,Karachi,2004,1100000
Toyota,Petrol,140000,Corolla GLI,Karachi,2005,925000
Nissan,Hybrid,1,Sunny,Karachi,1989,340000
Toyota,Petrol,90000,Corrolla Altis,Karachi,2014,1850000
Honda,Petrol,10000,Civic Prosmetic,Karachi,2005,819000
Daihatsu,Petrol,33000,Hijet,Karachi,2014,915000
Suzuki,Petrol,49700,Cultus VXR,Karachi,2014,875000
Suzuki,Petrol,64000,Alto,Karachi,2012,600000
Toyota,Petrol,140000,Corolla GLI,Karachi,2005,955000
Daihatsu,Petrol,95000,Cuore,Karachi,2008,495000
Suzuki,CNG,75000,Mehran VXR,Karachi,2000,260000
Suzuki,Petrol,80000,Cultus VXR,Karachi,2008,580000
Suzuki,CNG,81000,Alto,Karachi,2010,595000
Suzuki,CNG,123654,Cultus VXR,Karachi,2000,350000
Suzuki,CNG,67000,Alto,Karachi,2012,630000
Hyundai,CNG,162000,Santro,Karachi,2003,380000
Toyota,Hybrid,95000,Aqua,Karachi,2014,1675000
KIA,CNG,1000000,Pride,Karachi,1989,120000
Toyota,Petrol,96000,Corrolla Altis,Karachi,2010,1300000
Honda,Petrol,55500,Civic Prosmetic,Karachi,2000,565000
Suzuki,Petrol,59050,Cultus VXR,Karachi,2006,500000
Daihatsu,CNG,2,Cuore,Karachi,2006,430000
Suzuki,CNG,82685,Alto,Karachi,2008,499999
Toyota,Petrol,56000,Vitz,Karachi,2011,1300000
Suzuki,CNG,100000,Cultus VXR,Karachi,2006,480000
Toyota,Petrol,101000,Vitz,Karachi,2008,975000
Suzuki,Petrol,19800,Mehran VXR,Karachi,2012,550000
Honda,Petrol,50810,Civic VTi Oriel Prosmatec,Karachi,2013,1915000
Toyota,Petrol,87000,Passo,Karachi,2011,885000
Honda,Petrol,89000,Airwave,Karachi,2007,1025000
Suzuki,Petrol,26500,Mehran VXR,Karachi,2011,535000
Toyota,Petrol,65000,Vitz,Karachi,2012,1400000
Suzuki,Petrol,52000,Cultus VXR,Karachi,2010,750000
Suzuki,CNG,120000,Baleno,Karachi,2004,430000
Honda,Petrol,84000,City IDSI,Karachi,2006,980000
Suzuki,CNG,123,Alto,Karachi,2011,515000
KIA,Petrol,10000,Sportage,Karachi,2003,2800000
Suzuki,CNG,54000,Cultus VXL,Karachi,2009,765000
Toyota,Petrol,121413,Prado,Karachi,1993,1300000
Suzuki,CNG,75000,Cultus VXR,Karachi,2010,725000
Daihatsu,Petrol,72000,Mira,Karachi,2013,1165000
Toyota,Petrol,19000,Vitz,Karachi,2015,1630000
Suzuki,CNG,1,FX,Karachi,1984,150000
Toyota,Petrol,16951,Corolla GLI,Karachi,2017,1965000
Suzuki,CNG,1,Alto,Karachi,2001,390000
Suzuki,CNG,82000,Cultus VXR,Karachi,2007,615000
Toyota,Petrol,10000,Supra,Pakpattan,1969,150000
Suzuki,CNG,16235,Cultus VXR,Karachi,2007,480000
Suzuki,Petrol,86000,Other,Karachi,2003,870000
Mitsubishi,Petrol,36600,Ek Wagon,Karachi,2015,1075000
Toyota,Petrol,147000,Corolla Axio,Karachi,2012,1465000
Toyota,Petrol,32000,Corolla XLI,Karachi,2017,1900000
Suzuki,CNG,45000,Mehran VXR,Karachi,2005,310000
Suzuki,Petrol,56000,Mehran VX,Karachi,1996,180000
Daihatsu,Hybrid,10000000,Charade,Karachi,1993,235000
Suzuki,Petrol,100000,Bolan,Karachi,2010,620000
Daihatsu,Petrol,156000,Hijet,Karachi,2013,865000
Honda,CNG,1,Civic VTi Oriel,Karachi,2001,615000
Honda,Petrol,67000,Other,Karachi,1998,535000
Suzuki,CNG,30,Other,Karachi,1989,130000
Suzuki,CNG,66000,Alto,Karachi,2008,465000
Honda,CNG,152000,Civic EXi,Karachi,2002,655000
Daihatsu,CNG,105000,Cuore,Karachi,2008,515000
Daihatsu,CNG,10000000,Charade,Karachi,1986,200000
Toyota,CNG,300000,Corolla GLI,Karachi,2005,870000
Suzuki,Hybrid,1500,Khyber,Karachi,1996,230000
Honda,Petrol,120000,Civic VTi,Karachi,2004,815000
Toyota,Petrol,88000,Vitz,Karachi,2008,1040000
Daihatsu,CNG,999999,Charade,Karachi,1986,260000
Nissan,CNG,250000,Sunny,Karachi,1998,385000
Toyota,Petrol,72300,Corolla GLI,Karachi,2011,1245000
Suzuki,CNG,52800,Cultus VXR,Karachi,2010,695000
Suzuki,Petrol,25000,Cultus VXR,Karachi,2006,500000
Suzuki,Petrol,21000,Cultus VXR,Karachi,2016,1125000
Suzuki,CNG,65000,Cultus VXR,Karachi,2007,500000
Suzuki,CNG,1,Khyber,Karachi,1992,120000
Honda,Petrol,13000,BR-V,Karachi,2017,2225000
Toyota,Petrol,91,Corolla GLI,Karachi,2018,2385000
Honda,Petrol,100000,City IDSI,Karachi,2008,930000
Honda,Petrol,70000,Civic VTi Oriel Prosmatec,Karachi,2010,1450000
Daihatsu,CNG,100000,Charade,Karachi,1986,135000
Suzuki,CNG,65000,Mehran VXR,Karachi,2006,355000
Honda,CNG,4000,Accord,Karachi,1983,170000
Honda,CNG,404065,Other,Karachi,1985,160000
Suzuki,Hybrid,173,Alto,Karachi,2006,400000
Honda,Petrol,77800,Civic VTi Oriel Prosmatec,Karachi,2010,1200000
Suzuki,Petrol,70000,Cultus VXR,Karachi,2006,565000
Toyota,Petrol,111,Vitz,Karachi,2012,1280000
Suzuki,CNG,786,Alto,Karachi,2007,380000
Honda,Petrol,25000,City Aspire,Karachi,2013,1575000
Suzuki,Petrol,51000,Swift,Karachi,2014,1175000
Toyota,Petrol,28000,Corolla XLI,Karachi,2012,1475000
Toyota,Petrol,27000,Corolla GLI,Karachi,2013,1775000
Suzuki,CNG,100000,Mehran VX,Karachi,2004,265000
Toyota,Diesel,23000,Hilux,Karachi,2017,3900000
Suzuki,CNG,1,Khyber,Karachi,1997,240000
Suzuki,CNG,1,Alto,Karachi,2004,330000
Honda,Petrol,82000,Civic VTi Oriel Prosmatec,Karachi,2012,1725000
Toyota,Petrol,22000,Corolla GLI,Karachi,2016,1950000
Toyota,Petrol,50,Corolla GLI,Karachi,2018,2290000
Suzuki,Petrol,10000,Mehran VX,Karachi,1994,180000
Honda,Petrol,26000,Civic VTi Oriel Prosmatec,Karachi,2014,2100000
Suzuki,Petrol,37045,Cultus VXR,Karachi,2016,1080000
Suzuki,Petrol,6000,Swift,Karachi,2017,1550000
Suzuki,CNG,12,Alto,Karachi,2008,420000
Daihatsu,Petrol,122000,Mira,Karachi,2012,975000
Toyota,CNG,234000,Corolla XLI,Karachi,1989,465000
Suzuki,Petrol,53000,Alto,Karachi,2010,890000
Honda,Petrol,79000,Accord,Karachi,2003,1190000
Toyota,Hybrid,142000,Prius,Karachi,2012,1950000
Suzuki,CNG,1,Mehran VX,Karachi,1990,165000
Suzuki,CNG,99999,Khyber,Karachi,1998,260000
Toyota,Petrol,21000,Corolla GLI,Karachi,2016,1850000
Honda,CNG,90000,Civic EXi,Karachi,1997,465000
Suzuki,Petrol,20000,Cultus VXL,Karachi,2007,600000
Suzuki,CNG,72000,Alto,Karachi,2009,550000
Daihatsu,CNG,10000,Charade,Karachi,1986,175000
Honda,Petrol,110000,Acty,Karachi,2012,600000
Toyota,Petrol,93000,Corolla XLI,Karachi,2011,1230000
Toyota,CNG,99999,Other,Karachi,1973,130000
Mitsubishi,Petrol,58400,EK Custom,Karachi,2014,1110000
Toyota,Petrol,48000,Vitz,Karachi,2012,1425000
Daihatsu,Petrol,99999,Charade,Karachi,1984,250000
Toyota,Petrol,70000,Aqua,Karachi,2017,1800000
Suzuki,Petrol,9999,Liana,Karachi,2006,495000
Toyota,Diesel,63000,Corolla GLI,Karachi,2015,1650000
Toyota,Petrol,85000,Lite Ace,Karachi,2009,1275786
Suzuki,Petrol,100000,Every Wagon,Karachi,2011,795000
Toyota,Petrol,65000,Passo,Karachi,2007,880000
Toyota,CNG,100000,86,Karachi,2018,180000
Honda,Petrol,30000,Civic Prosmetic,Karachi,2010,1475000
Toyota,Petrol,130000,Passo,Karachi,2008,800000
Suzuki,CNG,100000,Mehran VX,Karachi,2004,315000
Toyota,Petrol,56000,Rush,Karachi,2009,1975000
Toyota,Petrol,50000,Corolla GLI,Karachi,2011,1450000
Suzuki,Hybrid,174000,Alto,Karachi,2004,360000
Daihatsu,Petrol,185485,Charade,Karachi,1993,140000
Suzuki,Petrol,52500,Mehran VX,Karachi,2017,615000
Honda,CNG,160000,Civic Prosmetic,Karachi,2000,545000
Other Brands,Diesel,1111111,Other,Lasbela,1952,550000
Nissan,CNG,100000,120 Y,Karachi,1979,170000
Suzuki,Petrol,100000,Liana,Karachi,2008,675000
Toyota,Petrol,138000,Corrolla Altis,Karachi,2004,960000
Toyota,Petrol,1,Passo,Karachi,2007,880000
Suzuki,Petrol,90000,Cultus VXL,Karachi,2001,390000
Suzuki,CNG,75000,Alto,Karachi,2008,670000
Toyota,Petrol,63000,Corolla XLI,Karachi,2010,1080000
Suzuki,Petrol,90000,Mehran VX,Karachi,2010,470000
Daihatsu,Petrol,74000,Mira,Karachi,2018,1250000
Suzuki,Petrol,1,Cultus VXR,Karachi,2015,870000
Suzuki,CNG,96369,Margalla,Karachi,1993,280000
Suzuki,CNG,68000,Alto,Karachi,2011,615000
Suzuki,CNG,10000,Bolan,Karachi,1984,145000
Daihatsu,Petrol,96000,Mira,Karachi,2015,1220000
Toyota,Petrol,10000,Vitz,Karachi,2005,900000
Suzuki,Petrol,27000,Mehran VXR,Karachi,2017,725000
Honda,CNG,5000,Civic EXi,Karachi,1987,130000
Suzuki,Petrol,92000,Cultus VXR,Karachi,2014,900000
Suzuki,Petrol,31000,Cultus VXR,Karachi,2014,1025000
Suzuki,CNG,75000,Bolan,Karachi,2008,490000
Toyota,Petrol,75000,Corolla XLI,Karachi,2009,1225000
Toyota,Petrol,180000,86,Karachi,1986,2200000
Mitsubishi,Petrol,10000,Pajero Mini,Karachi,1996,360000
Honda,Petrol,37000,Civic VTi,Karachi,2011,1350000
Honda,Petrol,150000,City IDSI,Karachi,2004,840000
Suzuki,CNG,810,Cultus VXR,Karachi,2007,520000
Honda,Petrol,61500,Civic EXi,Karachi,2005,800000
Honda,Petrol,66000,Civic EXi,Karachi,2006,875000
Suzuki,CNG,75000,Mehran VX,Karachi,2010,375000
Suzuki,Petrol,58000,Swift,Karachi,2010,1010000
Toyota,Petrol,70000,Corolla XLI,Karachi,2011,1140000
